<?xml version="1.0" encoding="UTF-8"?>
<!DOCTYPE struts PUBLIC
		"-//Apache Software Foundation//DTD Struts Configuration 2.5//EN"
		"http://struts.apache.org/dtds/struts-2.5.dtd">
<struts>
    <constant name="struts.devMode" value="true" />

    <package name="basicstruts2" extends="struts-default">
		
        <action name="loginAction" class="com.test.first.LoginAction" method="execute">
            <result name="SUCCESS">/register.jsp</result>
            <result name="ERROR">/error.jsp</result>
        </action>
        <action name="registeruser" class="com.test.first.RegisterAction">
			<result name="REGISTER">/register.jsp</result>
		</action>
		<action name="report" class="com.test.first.ReportAction">
			<result name="REPORT">/report.jsp</result>
		</action>
		<action name="updatedetails" class="com.test.first.UpdateAction">
			<result name="UPDATE">/update.jsp</result>
		</action>
		<action name="deleterecord" class="com.test.first.DeleteAction">
			<result name="DELETE">/delete.jsp</result>
		</action>
    </package>
</struts>