<?xml version="1.0" encoding="UTF-8"?>
<!DOCTYPE struts PUBLIC
    "-//Apache Software Foundation//DTD Struts Configuration 2.5//EN"
    "http://struts.apache.org/dtds/struts-2.5.dtd">

<struts>

	<constant name="struts.devMode" value="false" />
	<constant name="struts.custom.i18n.resources" value="global" />
	<constant name="struts.convention.default.parent.package" value="default" />
	<constant name="struts.multipart.maxSize" value="50000000" />
	<constant name="struts.ui.theme" value="simple" />
	
	<constant name="struts.xwork.chaining.copyErrors" value="true" />
	<constant name="struts.xwork.chaining.copyFieldErrors"
		value="true" />
	<constant name="struts.xwork.chaining.copyMessages"
		value="true" />

	<package name="default" namespace="/" extends="struts-default">

		<result-types>
			<result-type name="tiles"
				class="org.apache.struts2.views.tiles.TilesResult" />
		</result-types>

	


		


        <action name="downloadAction" class="jee.web.learn.action.DownloadAction">
           
           
           <result name="success">/success.jsp</result>
        </action>
        
        

		<!-- <action name="company-xml" class="jee.web.learn.action.CompanyAction">
			<result name="success" type="json">
				<param name="root">departments</param>
			</result>
		</action> -->

		<!-- <action name="new-visa" class="jee.web.learn.action.NewVisaAction"> 
			<exception-mapping result="offense" exception="jee.web.learn.exception.OffenseException" 
			/> <exception-mapping result="error" exception="java.lang.RuntimeException" 
			/> <result name="offense">/offense.jsp</result> <result name="error">/error.jsp</result> 
			</action> -->

	</package>
	
	

</struts>